<?xml version="1.0" encoding="UTF-8"?>
<!DOCTYPE mapper PUBLIC "-//mybatis.org//DTD Mapper 3.0//EN" "http://mybatis.org/dtd/mybatis-3-mapper.dtd">
<mapper namespace="com.nantian.mapper.sys.SysCandidateInfoMapper">
  <resultMap id="BaseResultMap" type="com.nantian.entity.sys.SysCandidateInfo">
    <id column="ID" jdbcType="DECIMAL" property="id" />
    <result column="CANDIDATE_NAME" jdbcType="VARCHAR" property="candidateName" />
    <result column="UNIT" jdbcType="VARCHAR" property="unit" />
    <result column="POSITION" jdbcType="VARCHAR" property="position" />
    <result column="POSITION_LEVEL" jdbcType="VARCHAR" property="positionLevel" />
    <result column="CANDIDATE_TYPE" jdbcType="VARCHAR" property="candidateType" />
    <result column="ADJUST_TYPE" jdbcType="VARCHAR" property="adjustType" />
    <result column="ASPIRING_UNIT" jdbcType="VARCHAR" property="aspiringUnit" />
    <result column="ASPIRING_POSITION" jdbcType="VARCHAR" property="aspiringPosition" />
    <result column="ASPIRING_POSITION_LEVEL" jdbcType="VARCHAR" property="aspiringPositionLevel" />
    <result column="SEX" jdbcType="VARCHAR" property="sex" />
    <result column="BIRTHDAY" jdbcType="TIMESTAMP" property="birthday" />
    <result column="DEPARTMENT" jdbcType="VARCHAR" property="department" />
    <result column="ORGANIZATION" jdbcType="VARCHAR" property="organization" />
    <result column="NOTE" jdbcType="VARCHAR" property="note" />
    <result column="MEETING_DATE" jdbcType="TIMESTAMP" property="meetingDate" />
    <result column="HOST" jdbcType="VARCHAR" property="host" />
    <result column="DUE_NUMBER" jdbcType="VARCHAR" property="dueNumber" />
    <result column="ACTUAL_NUMBER" jdbcType="VARCHAR" property="actualNumber" />
    <result column="SUMMARY_NUMBER" jdbcType="VARCHAR" property="summaryNumber" />
    <result column="APPROVAL_TYPE" jdbcType="VARCHAR" property="approvalType" />
    <result column="REPLY_DATE" jdbcType="TIMESTAMP" property="replyDate" />
    <result column="CANDIDATE_NUMBER" jdbcType="VARCHAR" property="candidateNumber" />
    <result column="WRITTEN_DATE" jdbcType="TIMESTAMP" property="writtenDate" />
    <result column="WRITTEN_RESULT" jdbcType="VARCHAR" property="writtenResult" />
    <result column="WRITTEN_RANKING" jdbcType="VARCHAR" property="writtenRanking" />
    <result column="INTERVIEW_DATE" jdbcType="TIMESTAMP" property="interviewDate" />
    <result column="INTERVIEW_RESULT" jdbcType="VARCHAR" property="interviewResult" />
    <result column="INTERVIEW_RANKING" jdbcType="VARCHAR" property="interviewRanking" />
    <result column="THESIS_DATE" jdbcType="TIMESTAMP" property="thesisDate" />
    <result column="THESIS_RESULT" jdbcType="VARCHAR" property="thesisResult" />
    <result column="THESIS_RANKING" jdbcType="VARCHAR" property="thesisRanking" />
    <result column="SYNTHESIS_RESULT" jdbcType="VARCHAR" property="synthesisResult" />
    <result column="SYNTHESIS_RANKING" jdbcType="VARCHAR" property="synthesisRanking" />
    <result column="CREATION_TIME" jdbcType="TIMESTAMP" property="creationTime" />
    <result column="UPDATE_TIME" jdbcType="DATE" property="updateTime" />
    <result column="TYPE" jdbcType="VARCHAR" property="type" />
  </resultMap>
  <sql id="Example_Where_Clause">
    <where>
      <foreach collection="oredCriteria" item="criteria" separator="or">
        <if test="criteria.valid">
          <trim prefix="(" prefixOverrides="and" suffix=")">
            <foreach collection="criteria.criteria" item="criterion">
              <choose>
                <when test="criterion.noValue">
                  and ${criterion.condition}
                </when>
                <when test="criterion.singleValue">
                  and ${criterion.condition} #{criterion.value}
                </when>
                <when test="criterion.betweenValue">
                  and ${criterion.condition} #{criterion.value} and #{criterion.secondValue}
                </when>
                <when test="criterion.listValue">
                  and ${criterion.condition}
                  <foreach close=")" collection="criterion.value" item="listItem" open="(" separator=",">
                    #{listItem}
                  </foreach>
                </when>
              </choose>
            </foreach>
          </trim>
        </if>
      </foreach>
    </where>
  </sql>
  <sql id="Update_By_Example_Where_Clause">
    <where>
      <foreach collection="example.oredCriteria" item="criteria" separator="or">
        <if test="criteria.valid">
          <trim prefix="(" prefixOverrides="and" suffix=")">
            <foreach collection="criteria.criteria" item="criterion">
              <choose>
                <when test="criterion.noValue">
                  and ${criterion.condition}
                </when>
                <when test="criterion.singleValue">
                  and ${criterion.condition} #{criterion.value}
                </when>
                <when test="criterion.betweenValue">
                  and ${criterion.condition} #{criterion.value} and #{criterion.secondValue}
                </when>
                <when test="criterion.listValue">
                  and ${criterion.condition}
                  <foreach close=")" collection="criterion.value" item="listItem" open="(" separator=",">
                    #{listItem}
                  </foreach>
                </when>
              </choose>
            </foreach>
          </trim>
        </if>
      </foreach>
    </where>
  </sql>
  <sql id="Base_Column_List">
    ID, CANDIDATE_NAME, UNIT, POSITION, POSITION_LEVEL, CANDIDATE_TYPE, ADJUST_TYPE, 
    ASPIRING_UNIT, ASPIRING_POSITION, ASPIRING_POSITION_LEVEL, SEX, BIRTHDAY, DEPARTMENT, 
    ORGANIZATION, NOTE, MEETING_DATE, HOST, DUE_NUMBER, ACTUAL_NUMBER, SUMMARY_NUMBER, 
    APPROVAL_TYPE, REPLY_DATE, CANDIDATE_NUMBER, WRITTEN_DATE, WRITTEN_RESULT, WRITTEN_RANKING, 
    INTERVIEW_DATE, INTERVIEW_RESULT, INTERVIEW_RANKING, THESIS_DATE, THESIS_RESULT, 
    THESIS_RANKING, SYNTHESIS_RESULT, SYNTHESIS_RANKING, TO_DATE(CREATION_TIME, 'yyyy-mm-dd hh24:mi:ss') CREATION_TIME, TO_DATE(UPDATE_TIME, 'yyyy-mm-dd hh24:mi:ss') UPDATE_TIME,
    TYPE
  </sql>
  <select id="selectByExample" parameterType="com.nantian.entity.sys.SysCandidateInfoExample" resultMap="BaseResultMap">
    select
    <if test="distinct">
      distinct
    </if>
    'true' as QUERYID,
    <include refid="Base_Column_List" />
    from GPP.SYS_CANDIDATE_INFO
    <if test="_parameter != null">
      <include refid="Example_Where_Clause" />
    </if>
    <if test="orderByClause != null">
      order by ${orderByClause}
    </if>
  </select>
  <sql id="Base_Column_ListX">
    ID, CANDIDATE_NAME, UNIT, POSITION, POSITION_LEVEL,  ADJUST_TYPE,
    ASPIRING_UNIT, ASPIRING_POSITION, ASPIRING_POSITION_LEVEL, NOTE,SYNTHESIS_RANKING,CANDIDATE_NUMBER
  </sql>
  <select id="selectByExampleX" parameterType="com.nantian.entity.sys.SysCandidateInfoExample" resultMap="BaseResultMap">
    select
    <if test="distinct">
      distinct
    </if>
    'true' as QUERYID,
    <include refid="Base_Column_ListX" />
    from GPP.SYS_CANDIDATE_INFO
    <if test="_parameter != null">
      <include refid="Example_Where_Clause" />
    </if>
    <if test="orderByClause != null">
      order by ${orderByClause}
    </if>
  </select>
  <select id="selectRe" parameterType="com.nantian.entity.sys.SysCandidateInfoExample" resultMap="BaseResultMap">
  select
  <if test="distinct">
    distinct
  </if>
  'true' as QUERYID,
  <include refid="Base_Column_ListX" />
    from GPP.SYS_CANDIDATE_INFO
    where TYPE= 1
    and ID not in (SELECT DISTINCT B.USERID FROM SYS_FLOW B)
  </select>
  <select id="selectCom" parameterType="com.nantian.entity.sys.SysCandidateInfoExample" resultMap="BaseResultMap">
    select
    <if test="distinct">
      distinct
    </if>
    'true' as QUERYID,
    <include refid="Base_Column_ListX" />
    from GPP.SYS_CANDIDATE_INFO
    where TYPE= 0
    and ID not in (SELECT DISTINCT B.USERID FROM SYS_FLOW B)
  </select>
  <select id="selectByPrimaryKey" parameterType="java.lang.Long" resultMap="BaseResultMap">
    select
    <include refid="Base_Column_List" />
    from GPP.SYS_CANDIDATE_INFO
    where ID = #{id,jdbcType=DECIMAL}
  </select>
  <delete id="deleteByPrimaryKey" parameterType="com.nantian.entity.sys.SysCandidateInfo">
    delete from GPP.SYS_CANDIDATE_INFO
    where ID = #{id,jdbcType=DECIMAL}
  </delete>
  <delete id="deleteByExample" parameterType="com.nantian.entity.sys.SysCandidateInfoExample">
    delete from GPP.SYS_CANDIDATE_INFO
    <if test="_parameter != null">
      <include refid="Example_Where_Clause" />
    </if>
  </delete>
  <insert id="insert" parameterType="com.nantian.entity.sys.SysCandidateInfo">
    insert into GPP.SYS_CANDIDATE_INFO (ID, CANDIDATE_NAME, UNIT, 
      POSITION, POSITION_LEVEL, CANDIDATE_TYPE, 
      ADJUST_TYPE, ASPIRING_UNIT, ASPIRING_POSITION, 
      ASPIRING_POSITION_LEVEL, SEX, BIRTHDAY, 
      DEPARTMENT, ORGANIZATION, NOTE, 
      MEETING_DATE, HOST, DUE_NUMBER, 
      ACTUAL_NUMBER, SUMMARY_NUMBER, APPROVAL_TYPE, 
      REPLY_DATE, CANDIDATE_NUMBER, WRITTEN_DATE, 
      WRITTEN_RESULT, WRITTEN_RANKING, INTERVIEW_DATE, 
      INTERVIEW_RESULT, INTERVIEW_RANKING, THESIS_DATE, 
      THESIS_RESULT, THESIS_RANKING, SYNTHESIS_RESULT, 
      SYNTHESIS_RANKING, CREATION_TIME, UPDATE_TIME, 
      TYPE)
    values (#{id,jdbcType=DECIMAL}, #{candidateName,jdbcType=VARCHAR}, #{unit,jdbcType=VARCHAR}, 
      #{position,jdbcType=VARCHAR}, #{positionLevel,jdbcType=VARCHAR}, #{candidateType,jdbcType=VARCHAR}, 
      #{adjustType,jdbcType=VARCHAR}, #{aspiringUnit,jdbcType=VARCHAR}, #{aspiringPosition,jdbcType=VARCHAR}, 
      #{aspiringPositionLevel,jdbcType=VARCHAR}, #{sex,jdbcType=VARCHAR}, #{birthday,jdbcType=TIMESTAMP}, 
      #{department,jdbcType=VARCHAR}, #{organization,jdbcType=VARCHAR}, #{note,jdbcType=VARCHAR}, 
      #{meetingDate,jdbcType=TIMESTAMP}, #{host,jdbcType=VARCHAR}, #{dueNumber,jdbcType=VARCHAR}, 
      #{actualNumber,jdbcType=VARCHAR}, #{summaryNumber,jdbcType=VARCHAR}, #{approvalType,jdbcType=VARCHAR}, 
      #{replyDate,jdbcType=TIMESTAMP}, #{candidateNumber,jdbcType=VARCHAR}, #{writtenDate,jdbcType=TIMESTAMP}, 
      #{writtenResult,jdbcType=VARCHAR}, #{writtenRanking,jdbcType=VARCHAR}, #{interviewDate,jdbcType=TIMESTAMP}, 
      #{interviewResult,jdbcType=VARCHAR}, #{interviewRanking,jdbcType=VARCHAR}, #{thesisDate,jdbcType=TIMESTAMP}, 
      #{thesisResult,jdbcType=VARCHAR}, #{thesisRanking,jdbcType=VARCHAR}, #{synthesisResult,jdbcType=VARCHAR}, 
      #{synthesisRanking,jdbcType=VARCHAR}, #{creationTime,jdbcType=TIMESTAMP}, #{updateTime,jdbcType=DATE}, 
      #{type,jdbcType=VARCHAR})
  </insert>
  <insert id="insertInto" parameterType="com.nantian.entity.sys.SysCandidateInfo">
  insert into GPP.SYS_CANDIDATE_INFO (ID, CANDIDATE_NAME, UNIT,BIRTHDAY,DEPARTMENT,CREATION_TIME,POSITION,POSITION_LEVEL,TYPE )
  select a."ID" ID,a."NAME" CANDIDATE_NAME,a.COMPANY UNIT,a.BIRTH_DATE BIRTHDAY, a.org DEPARTMENT,sysdate  CREATION_TIME,a.POSITION,a.POSITION_LEVEL,#{type,jdbcType=DECIMAL} from GPP.SYS_USER a
  where a.ID = #{id,jdbcType=DECIMAL}
  </insert>
  <insert id="insertSelective" parameterType="com.nantian.entity.sys.SysCandidateInfo">
    insert into GPP.SYS_CANDIDATE_INFO
    <trim prefix="(" suffix=")" suffixOverrides=",">
      <if test="id != null">
        ID,
      </if>
      <if test="candidateName != null">
        CANDIDATE_NAME,
      </if>
      <if test="unit != null">
        UNIT,
      </if>
      <if test="position != null">
        POSITION,
      </if>
      <if test="positionLevel != null">
        POSITION_LEVEL,
      </if>
      <if test="candidateType != null">
        CANDIDATE_TYPE,
      </if>
      <if test="adjustType != null">
        ADJUST_TYPE,
      </if>
      <if test="aspiringUnit != null">
        ASPIRING_UNIT,
      </if>
      <if test="aspiringPosition != null">
        ASPIRING_POSITION,
      </if>
      <if test="aspiringPositionLevel != null">
        ASPIRING_POSITION_LEVEL,
      </if>
      <if test="sex != null">
        SEX,
      </if>
      <if test="birthday != null">
        BIRTHDAY,
      </if>
      <if test="department != null">
        DEPARTMENT,
      </if>
      <if test="organization != null">
        ORGANIZATION,
      </if>
      <if test="note != null">
        NOTE,
      </if>
      <if test="meetingDate != null">
        MEETING_DATE,
      </if>
      <if test="host != null">
        HOST,
      </if>
      <if test="dueNumber != null">
        DUE_NUMBER,
      </if>
      <if test="actualNumber != null">
        ACTUAL_NUMBER,
      </if>
      <if test="summaryNumber != null">
        SUMMARY_NUMBER,
      </if>
      <if test="approvalType != null">
        APPROVAL_TYPE,
      </if>
      <if test="replyDate != null">
        REPLY_DATE,
      </if>
      <if test="candidateNumber != null">
        CANDIDATE_NUMBER,
      </if>
      <if test="writtenDate != null">
        WRITTEN_DATE,
      </if>
      <if test="writtenResult != null">
        WRITTEN_RESULT,
      </if>
      <if test="writtenRanking != null">
        WRITTEN_RANKING,
      </if>
      <if test="interviewDate != null">
        INTERVIEW_DATE,
      </if>
      <if test="interviewResult != null">
        INTERVIEW_RESULT,
      </if>
      <if test="interviewRanking != null">
        INTERVIEW_RANKING,
      </if>
      <if test="thesisDate != null">
        THESIS_DATE,
      </if>
      <if test="thesisResult != null">
        THESIS_RESULT,
      </if>
      <if test="thesisRanking != null">
        THESIS_RANKING,
      </if>
      <if test="synthesisResult != null">
        SYNTHESIS_RESULT,
      </if>
      <if test="synthesisRanking != null">
        SYNTHESIS_RANKING,
      </if>
      <if test="creationTime != null">
        CREATION_TIME,
      </if>
      <if test="updateTime != null">
        UPDATE_TIME,
      </if>
      <if test="type != null">
        TYPE,
      </if>
    </trim>
    <trim prefix="values (" suffix=")" suffixOverrides=",">
      <if test="id != null">
        #{id,jdbcType=DECIMAL},
      </if>
      <if test="candidateName != null">
        #{candidateName,jdbcType=VARCHAR},
      </if>
      <if test="unit != null">
        #{unit,jdbcType=VARCHAR},
      </if>
      <if test="position != null">
        #{position,jdbcType=VARCHAR},
      </if>
      <if test="positionLevel != null">
        #{positionLevel,jdbcType=VARCHAR},
      </if>
      <if test="candidateType != null">
        #{candidateType,jdbcType=VARCHAR},
      </if>
      <if test="adjustType != null">
        #{adjustType,jdbcType=VARCHAR},
      </if>
      <if test="aspiringUnit != null">
        #{aspiringUnit,jdbcType=VARCHAR},
      </if>
      <if test="aspiringPosition != null">
        #{aspiringPosition,jdbcType=VARCHAR},
      </if>
      <if test="aspiringPositionLevel != null">
        #{aspiringPositionLevel,jdbcType=VARCHAR},
      </if>
      <if test="sex != null">
        #{sex,jdbcType=VARCHAR},
      </if>
      <if test="birthday != null">
        #{birthday,jdbcType=TIMESTAMP},
      </if>
      <if test="department != null">
        #{department,jdbcType=VARCHAR},
      </if>
      <if test="organization != null">
        #{organization,jdbcType=VARCHAR},
      </if>
      <if test="note != null">
        #{note,jdbcType=VARCHAR},
      </if>
      <if test="meetingDate != null">
        #{meetingDate,jdbcType=TIMESTAMP},
      </if>
      <if test="host != null">
        #{host,jdbcType=VARCHAR},
      </if>
      <if test="dueNumber != null">
        #{dueNumber,jdbcType=VARCHAR},
      </if>
      <if test="actualNumber != null">
        #{actualNumber,jdbcType=VARCHAR},
      </if>
      <if test="summaryNumber != null">
        #{summaryNumber,jdbcType=VARCHAR},
      </if>
      <if test="approvalType != null">
        #{approvalType,jdbcType=VARCHAR},
      </if>
      <if test="replyDate != null">
        #{replyDate,jdbcType=TIMESTAMP},
      </if>
      <if test="candidateNumber != null">
        #{candidateNumber,jdbcType=VARCHAR},
      </if>
      <if test="writtenDate != null">
        #{writtenDate,jdbcType=TIMESTAMP},
      </if>
      <if test="writtenResult != null">
        #{writtenResult,jdbcType=VARCHAR},
      </if>
      <if test="writtenRanking != null">
        #{writtenRanking,jdbcType=VARCHAR},
      </if>
      <if test="interviewDate != null">
        #{interviewDate,jdbcType=TIMESTAMP},
      </if>
      <if test="interviewResult != null">
        #{interviewResult,jdbcType=VARCHAR},
      </if>
      <if test="interviewRanking != null">
        #{interviewRanking,jdbcType=VARCHAR},
      </if>
      <if test="thesisDate != null">
        #{thesisDate,jdbcType=TIMESTAMP},
      </if>
      <if test="thesisResult != null">
        #{thesisResult,jdbcType=VARCHAR},
      </if>
      <if test="thesisRanking != null">
        #{thesisRanking,jdbcType=VARCHAR},
      </if>
      <if test="synthesisResult != null">
        #{synthesisResult,jdbcType=VARCHAR},
      </if>
      <if test="synthesisRanking != null">
        #{synthesisRanking,jdbcType=VARCHAR},
      </if>
      <if test="creationTime != null">
        #{creationTime,jdbcType=TIMESTAMP},
      </if>
      <if test="updateTime != null">
        #{updateTime,jdbcType=DATE},
      </if>
      <if test="type != null">
        #{type,jdbcType=VARCHAR},
      </if>
    </trim>
  </insert>
  <select id="countByExample" parameterType="com.nantian.entity.sys.SysCandidateInfoExample" resultType="java.lang.Long">
    select count(*) from GPP.SYS_CANDIDATE_INFO
    <if test="_parameter != null">
      <include refid="Example_Where_Clause" />
    </if>
  </select>
  <update id="updateByExampleSelective" parameterType="map">
    update GPP.SYS_CANDIDATE_INFO
    <set>
      <if test="record.id != null">
        ID = #{record.id,jdbcType=DECIMAL},
      </if>
      <if test="record.candidateName != null">
        CANDIDATE_NAME = #{record.candidateName,jdbcType=VARCHAR},
      </if>
      <if test="record.unit != null">
        UNIT = #{record.unit,jdbcType=VARCHAR},
      </if>
      <if test="record.position != null">
        POSITION = #{record.position,jdbcType=VARCHAR},
      </if>
      <if test="record.positionLevel != null">
        POSITION_LEVEL = #{record.positionLevel,jdbcType=VARCHAR},
      </if>
      <if test="record.candidateType != null">
        CANDIDATE_TYPE = #{record.candidateType,jdbcType=VARCHAR},
      </if>
      <if test="record.adjustType != null">
        ADJUST_TYPE = #{record.adjustType,jdbcType=VARCHAR},
      </if>
      <if test="record.aspiringUnit != null">
        ASPIRING_UNIT = #{record.aspiringUnit,jdbcType=VARCHAR},
      </if>
      <if test="record.aspiringPosition != null">
        ASPIRING_POSITION = #{record.aspiringPosition,jdbcType=VARCHAR},
      </if>
      <if test="record.aspiringPositionLevel != null">
        ASPIRING_POSITION_LEVEL = #{record.aspiringPositionLevel,jdbcType=VARCHAR},
      </if>
      <if test="record.sex != null">
        SEX = #{record.sex,jdbcType=VARCHAR},
      </if>
      <if test="record.birthday != null">
        BIRTHDAY = #{record.birthday,jdbcType=TIMESTAMP},
      </if>
      <if test="record.department != null">
        DEPARTMENT = #{record.department,jdbcType=VARCHAR},
      </if>
      <if test="record.organization != null">
        ORGANIZATION = #{record.organization,jdbcType=VARCHAR},
      </if>
      <if test="record.note != null">
        NOTE = #{record.note,jdbcType=VARCHAR},
      </if>
      <if test="record.meetingDate != null">
        MEETING_DATE = #{record.meetingDate,jdbcType=TIMESTAMP},
      </if>
      <if test="record.host != null">
        HOST = #{record.host,jdbcType=VARCHAR},
      </if>
      <if test="record.dueNumber != null">
        DUE_NUMBER = #{record.dueNumber,jdbcType=VARCHAR},
      </if>
      <if test="record.actualNumber != null">
        ACTUAL_NUMBER = #{record.actualNumber,jdbcType=VARCHAR},
      </if>
      <if test="record.summaryNumber != null">
        SUMMARY_NUMBER = #{record.summaryNumber,jdbcType=VARCHAR},
      </if>
      <if test="record.approvalType != null">
        APPROVAL_TYPE = #{record.approvalType,jdbcType=VARCHAR},
      </if>
      <if test="record.replyDate != null">
        REPLY_DATE = #{record.replyDate,jdbcType=TIMESTAMP},
      </if>
      <if test="record.candidateNumber != null">
        CANDIDATE_NUMBER = #{record.candidateNumber,jdbcType=VARCHAR},
      </if>
      <if test="record.writtenDate != null">
        WRITTEN_DATE = #{record.writtenDate,jdbcType=TIMESTAMP},
      </if>
      <if test="record.writtenResult != null">
        WRITTEN_RESULT = #{record.writtenResult,jdbcType=VARCHAR},
      </if>
      <if test="record.writtenRanking != null">
        WRITTEN_RANKING = #{record.writtenRanking,jdbcType=VARCHAR},
      </if>
      <if test="record.interviewDate != null">
        INTERVIEW_DATE = #{record.interviewDate,jdbcType=TIMESTAMP},
      </if>
      <if test="record.interviewResult != null">
        INTERVIEW_RESULT = #{record.interviewResult,jdbcType=VARCHAR},
      </if>
      <if test="record.interviewRanking != null">
        INTERVIEW_RANKING = #{record.interviewRanking,jdbcType=VARCHAR},
      </if>
      <if test="record.thesisDate != null">
        THESIS_DATE = #{record.thesisDate,jdbcType=TIMESTAMP},
      </if>
      <if test="record.thesisResult != null">
        THESIS_RESULT = #{record.thesisResult,jdbcType=VARCHAR},
      </if>
      <if test="record.thesisRanking != null">
        THESIS_RANKING = #{record.thesisRanking,jdbcType=VARCHAR},
      </if>
      <if test="record.synthesisResult != null">
        SYNTHESIS_RESULT = #{record.synthesisResult,jdbcType=VARCHAR},
      </if>
      <if test="record.synthesisRanking != null">
        SYNTHESIS_RANKING = #{record.synthesisRanking,jdbcType=VARCHAR},
      </if>
      <if test="record.creationTime != null">
        CREATION_TIME = #{record.creationTime,jdbcType=TIMESTAMP},
      </if>
      <if test="record.updateTime != null">
        UPDATE_TIME = #{record.updateTime,jdbcType=DATE},
      </if>
      <if test="record.type != null">
        TYPE = #{record.type,jdbcType=VARCHAR},
      </if>
    </set>
    <if test="_parameter != null">
      <include refid="Update_By_Example_Where_Clause" />
    </if>
  </update>
  <update id="updateByExample" parameterType="map">
    update GPP.SYS_CANDIDATE_INFO
    set ID = #{record.id,jdbcType=DECIMAL},
    CANDIDATE_NAME = #{record.candidateName,jdbcType=VARCHAR},
    UNIT = #{record.unit,jdbcType=VARCHAR},
    POSITION = #{record.position,jdbcType=VARCHAR},
    POSITION_LEVEL = #{record.positionLevel,jdbcType=VARCHAR},
    CANDIDATE_TYPE = #{record.candidateType,jdbcType=VARCHAR},
    ADJUST_TYPE = #{record.adjustType,jdbcType=VARCHAR},
    ASPIRING_UNIT = #{record.aspiringUnit,jdbcType=VARCHAR},
    ASPIRING_POSITION = #{record.aspiringPosition,jdbcType=VARCHAR},
    ASPIRING_POSITION_LEVEL = #{record.aspiringPositionLevel,jdbcType=VARCHAR},
    SEX = #{record.sex,jdbcType=VARCHAR},
    BIRTHDAY = #{record.birthday,jdbcType=TIMESTAMP},
    DEPARTMENT = #{record.department,jdbcType=VARCHAR},
    ORGANIZATION = #{record.organization,jdbcType=VARCHAR},
    NOTE = #{record.note,jdbcType=VARCHAR},
    MEETING_DATE = #{record.meetingDate,jdbcType=TIMESTAMP},
    HOST = #{record.host,jdbcType=VARCHAR},
    DUE_NUMBER = #{record.dueNumber,jdbcType=VARCHAR},
    ACTUAL_NUMBER = #{record.actualNumber,jdbcType=VARCHAR},
    SUMMARY_NUMBER = #{record.summaryNumber,jdbcType=VARCHAR},
    APPROVAL_TYPE = #{record.approvalType,jdbcType=VARCHAR},
    REPLY_DATE = #{record.replyDate,jdbcType=TIMESTAMP},
    CANDIDATE_NUMBER = #{record.candidateNumber,jdbcType=VARCHAR},
    WRITTEN_DATE = #{record.writtenDate,jdbcType=TIMESTAMP},
    WRITTEN_RESULT = #{record.writtenResult,jdbcType=VARCHAR},
    WRITTEN_RANKING = #{record.writtenRanking,jdbcType=VARCHAR},
    INTERVIEW_DATE = #{record.interviewDate,jdbcType=TIMESTAMP},
    INTERVIEW_RESULT = #{record.interviewResult,jdbcType=VARCHAR},
    INTERVIEW_RANKING = #{record.interviewRanking,jdbcType=VARCHAR},
    THESIS_DATE = #{record.thesisDate,jdbcType=TIMESTAMP},
    THESIS_RESULT = #{record.thesisResult,jdbcType=VARCHAR},
    THESIS_RANKING = #{record.thesisRanking,jdbcType=VARCHAR},
    SYNTHESIS_RESULT = #{record.synthesisResult,jdbcType=VARCHAR},
    SYNTHESIS_RANKING = #{record.synthesisRanking,jdbcType=VARCHAR},
    CREATION_TIME = #{record.creationTime,jdbcType=TIMESTAMP},
    UPDATE_TIME = #{record.updateTime,jdbcType=DATE},
    TYPE = #{record.type,jdbcType=VARCHAR}
    <if test="_parameter != null">
      <include refid="Update_By_Example_Where_Clause" />
    </if>
  </update>
  <update id="updateByPrimaryKeySelective" parameterType="com.nantian.entity.sys.SysCandidateInfo">
    update GPP.SYS_CANDIDATE_INFO
    <set>
      <if test="candidateName != null">
        CANDIDATE_NAME = #{candidateName,jdbcType=VARCHAR},
      </if>
      <if test="unit != null">
        UNIT = #{unit,jdbcType=VARCHAR},
      </if>
      <if test="position != null">
        POSITION = #{position,jdbcType=VARCHAR},
      </if>
      <if test="positionLevel != null">
        POSITION_LEVEL = #{positionLevel,jdbcType=VARCHAR},
      </if>
      <if test="candidateType != null">
        CANDIDATE_TYPE = #{candidateType,jdbcType=VARCHAR},
      </if>
      <if test="adjustType != null">
        ADJUST_TYPE = #{adjustType,jdbcType=VARCHAR},
      </if>
      <if test="aspiringUnit != null">
        ASPIRING_UNIT = #{aspiringUnit,jdbcType=VARCHAR},
      </if>
      <if test="aspiringPosition != null">
        ASPIRING_POSITION = #{aspiringPosition,jdbcType=VARCHAR},
      </if>
      <if test="aspiringPositionLevel != null">
        ASPIRING_POSITION_LEVEL = #{aspiringPositionLevel,jdbcType=VARCHAR},
      </if>
      <if test="sex != null">
        SEX = #{sex,jdbcType=VARCHAR},
      </if>
      <if test="birthday != null">
        BIRTHDAY = #{birthday,jdbcType=TIMESTAMP},
      </if>
      <if test="department != null">
        DEPARTMENT = #{department,jdbcType=VARCHAR},
      </if>
      <if test="organization != null">
        ORGANIZATION = #{organization,jdbcType=VARCHAR},
      </if>
      <if test="note != null">
        NOTE = #{note,jdbcType=VARCHAR},
      </if>
      <if test="meetingDate != null">
        MEETING_DATE = #{meetingDate,jdbcType=TIMESTAMP},
      </if>
      <if test="host != null">
        HOST = #{host,jdbcType=VARCHAR},
      </if>
      <if test="dueNumber != null">
        DUE_NUMBER = #{dueNumber,jdbcType=VARCHAR},
      </if>
      <if test="actualNumber != null">
        ACTUAL_NUMBER = #{actualNumber,jdbcType=VARCHAR},
      </if>
      <if test="summaryNumber != null">
        SUMMARY_NUMBER = #{summaryNumber,jdbcType=VARCHAR},
      </if>
      <if test="approvalType != null">
        APPROVAL_TYPE = #{approvalType,jdbcType=VARCHAR},
      </if>
      <if test="replyDate != null">
        REPLY_DATE = #{replyDate,jdbcType=TIMESTAMP},
      </if>
      <if test="candidateNumber != null">
        CANDIDATE_NUMBER = #{candidateNumber,jdbcType=VARCHAR},
      </if>
      <if test="writtenDate != null">
        WRITTEN_DATE = #{writtenDate,jdbcType=TIMESTAMP},
      </if>
      <if test="writtenResult != null">
        WRITTEN_RESULT = #{writtenResult,jdbcType=VARCHAR},
      </if>
      <if test="writtenRanking != null">
        WRITTEN_RANKING = #{writtenRanking,jdbcType=VARCHAR},
      </if>
      <if test="interviewDate != null">
        INTERVIEW_DATE = #{interviewDate,jdbcType=TIMESTAMP},
      </if>
      <if test="interviewResult != null">
        INTERVIEW_RESULT = #{interviewResult,jdbcType=VARCHAR},
      </if>
      <if test="interviewRanking != null">
        INTERVIEW_RANKING = #{interviewRanking,jdbcType=VARCHAR},
      </if>
      <if test="thesisDate != null">
        THESIS_DATE = #{thesisDate,jdbcType=TIMESTAMP},
      </if>
      <if test="thesisResult != null">
        THESIS_RESULT = #{thesisResult,jdbcType=VARCHAR},
      </if>
      <if test="thesisRanking != null">
        THESIS_RANKING = #{thesisRanking,jdbcType=VARCHAR},
      </if>
      <if test="synthesisResult != null">
        SYNTHESIS_RESULT = #{synthesisResult,jdbcType=VARCHAR},
      </if>
      <if test="synthesisRanking != null">
        SYNTHESIS_RANKING = #{synthesisRanking,jdbcType=VARCHAR},
      </if>
      <if test="creationTime != null">
        CREATION_TIME = #{creationTime,jdbcType=TIMESTAMP},
      </if>
      <if test="updateTime != null">
        UPDATE_TIME = #{updateTime,jdbcType=DATE},
      </if>
      <if test="type != null">
        TYPE = #{type,jdbcType=VARCHAR},
      </if>
    </set>
    where ID = #{id,jdbcType=DECIMAL}
  </update>
  <update id="updateByPrimaryKey" parameterType="com.nantian.entity.sys.SysCandidateInfo">
    update GPP.SYS_CANDIDATE_INFO
    set CANDIDATE_NAME = #{candidateName,jdbcType=VARCHAR},
      UNIT = #{unit,jdbcType=VARCHAR},
      POSITION = #{position,jdbcType=VARCHAR},
      POSITION_LEVEL = #{positionLevel,jdbcType=VARCHAR},
      CANDIDATE_TYPE = #{candidateType,jdbcType=VARCHAR},
      ADJUST_TYPE = #{adjustType,jdbcType=VARCHAR},
      ASPIRING_UNIT = #{aspiringUnit,jdbcType=VARCHAR},
      ASPIRING_POSITION = #{aspiringPosition,jdbcType=VARCHAR},
      ASPIRING_POSITION_LEVEL = #{aspiringPositionLevel,jdbcType=VARCHAR},
      SEX = #{sex,jdbcType=VARCHAR},
      BIRTHDAY = #{birthday,jdbcType=TIMESTAMP},
      DEPARTMENT = #{department,jdbcType=VARCHAR},
      ORGANIZATION = #{organization,jdbcType=VARCHAR},
      NOTE = #{note,jdbcType=VARCHAR},
      MEETING_DATE = #{meetingDate,jdbcType=TIMESTAMP},
      HOST = #{host,jdbcType=VARCHAR},
      DUE_NUMBER = #{dueNumber,jdbcType=VARCHAR},
      ACTUAL_NUMBER = #{actualNumber,jdbcType=VARCHAR},
      SUMMARY_NUMBER = #{summaryNumber,jdbcType=VARCHAR},
      APPROVAL_TYPE = #{approvalType,jdbcType=VARCHAR},
      REPLY_DATE = #{replyDate,jdbcType=TIMESTAMP},
      CANDIDATE_NUMBER = #{candidateNumber,jdbcType=VARCHAR},
      WRITTEN_DATE = #{writtenDate,jdbcType=TIMESTAMP},
      WRITTEN_RESULT = #{writtenResult,jdbcType=VARCHAR},
      WRITTEN_RANKING = #{writtenRanking,jdbcType=VARCHAR},
      INTERVIEW_DATE = #{interviewDate,jdbcType=TIMESTAMP},
      INTERVIEW_RESULT = #{interviewResult,jdbcType=VARCHAR},
      INTERVIEW_RANKING = #{interviewRanking,jdbcType=VARCHAR},
      THESIS_DATE = #{thesisDate,jdbcType=TIMESTAMP},
      THESIS_RESULT = #{thesisResult,jdbcType=VARCHAR},
      THESIS_RANKING = #{thesisRanking,jdbcType=VARCHAR},
      SYNTHESIS_RESULT = #{synthesisResult,jdbcType=VARCHAR},
      SYNTHESIS_RANKING = #{synthesisRanking,jdbcType=VARCHAR},
      CREATION_TIME = #{creationTime,jdbcType=TIMESTAMP},
      UPDATE_TIME = #{updateTime,jdbcType=DATE},
      TYPE = #{type,jdbcType=VARCHAR}
    where ID = #{id,jdbcType=DECIMAL}
  </update>
</mapper>