<?xml version="1.0" encoding="UTF-8"?>
<!DOCTYPE mapper PUBLIC "-//mybatis.org//DTD Mapper 3.0//EN" "http://mybatis.org/dtd/mybatis-3-mapper.dtd">
<mapper namespace="com.nantian.mapper.sys.SysDictionaryMapper">
  <resultMap id="BaseResultMap" type="com.nantian.entity.sys.SysDictionary">
    <id column="ID" jdbcType="DECIMAL" property="id" />
    <result column="DICT_NAME" jdbcType="VARCHAR" property="dictName" />
    <result column="DICT_KEY" jdbcType="VARCHAR" property="dictKey" />
    <result column="DICT_VALUE" jdbcType="VARCHAR" property="dictValue" />
    <result column="REMARK" jdbcType="VARCHAR" property="remark" />
    <result column="UPDATE_TIME" jdbcType="TIMESTAMP" property="updateTime" />
    <result column="CREATION_TIME" jdbcType="TIMESTAMP" property="creationTime" />
  </resultMap>
  <sql id="Example_Where_Clause">
    <where>
      <foreach collection="oredCriteria" item="criteria" separator="or">
        <if test="criteria.valid">
          <trim prefix="(" prefixOverrides="and" suffix=")">
            <foreach collection="criteria.criteria" item="criterion">
              <choose>
                <when test="criterion.noValue">
                  and ${criterion.condition}
                </when>
                <when test="criterion.singleValue">
                  and ${criterion.condition} #{criterion.value}
                </when>
                <when test="criterion.betweenValue">
                  and ${criterion.condition} #{criterion.value} and #{criterion.secondValue}
                </when>
                <when test="criterion.listValue">
                  and ${criterion.condition}
                  <foreach close=")" collection="criterion.value" item="listItem" open="(" separator=",">
                    #{listItem}
                  </foreach>
                </when>
              </choose>
            </foreach>
          </trim>
        </if>
      </foreach>
    </where>
  </sql>
  <sql id="Update_By_Example_Where_Clause">
    <where>
      <foreach collection="example.oredCriteria" item="criteria" separator="or">
        <if test="criteria.valid">
          <trim prefix="(" prefixOverrides="and" suffix=")">
            <foreach collection="criteria.criteria" item="criterion">
              <choose>
                <when test="criterion.noValue">
                  and ${criterion.condition}
                </when>
                <when test="criterion.singleValue">
                  and ${criterion.condition} #{criterion.value}
                </when>
                <when test="criterion.betweenValue">
                  and ${criterion.condition} #{criterion.value} and #{criterion.secondValue}
                </when>
                <when test="criterion.listValue">
                  and ${criterion.condition}
                  <foreach close=")" collection="criterion.value" item="listItem" open="(" separator=",">
                    #{listItem}
                  </foreach>
                </when>
              </choose>
            </foreach>
          </trim>
        </if>
      </foreach>
    </where>
  </sql>
  <sql id="Base_Column_List">
    ID, DICT_NAME, DICT_KEY, DICT_VALUE, REMARK, UPDATE_TIME, CREATION_TIME
  </sql>
  <select id="selectByExample" parameterType="com.nantian.entity.sys.SysDictionaryExample" resultMap="BaseResultMap">
    select
    <if test="distinct">
      distinct
    </if>
    'true' as QUERYID,
    <include refid="Base_Column_List" />
    from SYS_DICTIONARY
    <if test="_parameter != null">
      <include refid="Example_Where_Clause" />
    </if>
    <if test="orderByClause != null">
      order by ${orderByClause}
    </if>
  </select>
  <select id="selectByPrimaryKey" parameterType="java.lang.Long" resultMap="BaseResultMap">
    select 
    <include refid="Base_Column_List" />
    from SYS_DICTIONARY
    where ID = #{id,jdbcType=DECIMAL}
  </select>
  <delete id="deleteByPrimaryKey" parameterType="java.lang.Long">
    delete from SYS_DICTIONARY
    where ID = #{id,jdbcType=DECIMAL}
  </delete>
  <delete id="deleteByExample" parameterType="com.nantian.entity.sys.SysDictionaryExample">
    delete from SYS_DICTIONARY
    <if test="_parameter != null">
      <include refid="Example_Where_Clause" />
    </if>
  </delete>
  <insert id="insert" parameterType="com.nantian.entity.sys.SysDictionary">
    insert into SYS_DICTIONARY (ID, DICT_NAME, DICT_KEY, 
      DICT_VALUE, REMARK, UPDATE_TIME, 
      CREATION_TIME)
    values (#{id,jdbcType=DECIMAL}, #{dictName,jdbcType=VARCHAR}, #{dictKey,jdbcType=VARCHAR}, 
      #{dictValue,jdbcType=VARCHAR}, #{remark,jdbcType=VARCHAR}, #{updateTime,jdbcType=TIMESTAMP}, 
      #{creationTime,jdbcType=TIMESTAMP})
  </insert>
  <insert id="insertSelective" parameterType="com.nantian.entity.sys.SysDictionary">
    insert into SYS_DICTIONARY
    <trim prefix="(" suffix=")" suffixOverrides=",">
      <if test="id != null">
        ID,
      </if>
      <if test="dictName != null">
        DICT_NAME,
      </if>
      <if test="dictKey != null">
        DICT_KEY,
      </if>
      <if test="dictValue != null">
        DICT_VALUE,
      </if>
      <if test="remark != null">
        REMARK,
      </if>
      <if test="updateTime != null">
        UPDATE_TIME,
      </if>
      <if test="creationTime != null">
        CREATION_TIME,
      </if>
    </trim>
    <trim prefix="values (" suffix=")" suffixOverrides=",">
      <if test="id != null">
        #{id,jdbcType=DECIMAL},
      </if>
      <if test="dictName != null">
        #{dictName,jdbcType=VARCHAR},
      </if>
      <if test="dictKey != null">
        #{dictKey,jdbcType=VARCHAR},
      </if>
      <if test="dictValue != null">
        #{dictValue,jdbcType=VARCHAR},
      </if>
      <if test="remark != null">
        #{remark,jdbcType=VARCHAR},
      </if>
      <if test="updateTime != null">
        #{updateTime,jdbcType=TIMESTAMP},
      </if>
      <if test="creationTime != null">
        #{creationTime,jdbcType=TIMESTAMP},
      </if>
    </trim>
  </insert>
  <select id="countByExample" parameterType="com.nantian.entity.sys.SysDictionaryExample" resultType="java.lang.Long">
    select count(*) from SYS_DICTIONARY
    <if test="_parameter != null">
      <include refid="Example_Where_Clause" />
    </if>
  </select>
  <update id="updateByExampleSelective" parameterType="map">
    update SYS_DICTIONARY
    <set>
      <if test="record.id != null">
        ID = #{record.id,jdbcType=DECIMAL},
      </if>
      <if test="record.dictName != null">
        DICT_NAME = #{record.dictName,jdbcType=VARCHAR},
      </if>
      <if test="record.dictKey != null">
        DICT_KEY = #{record.dictKey,jdbcType=VARCHAR},
      </if>
      <if test="record.dictValue != null">
        DICT_VALUE = #{record.dictValue,jdbcType=VARCHAR},
      </if>
      <if test="record.remark != null">
        REMARK = #{record.remark,jdbcType=VARCHAR},
      </if>
      <if test="record.updateTime != null">
        UPDATE_TIME = #{record.updateTime,jdbcType=TIMESTAMP},
      </if>
      <if test="record.creationTime != null">
        CREATION_TIME = #{record.creationTime,jdbcType=TIMESTAMP},
      </if>
    </set>
    <if test="_parameter != null">
      <include refid="Update_By_Example_Where_Clause" />
    </if>
  </update>
  <update id="updateByExample" parameterType="map">
    update SYS_DICTIONARY
    set ID = #{record.id,jdbcType=DECIMAL},
      DICT_NAME = #{record.dictName,jdbcType=VARCHAR},
      DICT_KEY = #{record.dictKey,jdbcType=VARCHAR},
      DICT_VALUE = #{record.dictValue,jdbcType=VARCHAR},
      REMARK = #{record.remark,jdbcType=VARCHAR},
      UPDATE_TIME = #{record.updateTime,jdbcType=TIMESTAMP},
      CREATION_TIME = #{record.creationTime,jdbcType=TIMESTAMP}
    <if test="_parameter != null">
      <include refid="Update_By_Example_Where_Clause" />
    </if>
  </update>
  <update id="updateByPrimaryKeySelective" parameterType="com.nantian.entity.sys.SysDictionary">
    update SYS_DICTIONARY
    <set>
      <if test="dictName != null">
        DICT_NAME = #{dictName,jdbcType=VARCHAR},
      </if>
      <if test="dictKey != null">
        DICT_KEY = #{dictKey,jdbcType=VARCHAR},
      </if>
      <if test="dictValue != null">
        DICT_VALUE = #{dictValue,jdbcType=VARCHAR},
      </if>
      <if test="remark != null">
        REMARK = #{remark,jdbcType=VARCHAR},
      </if>
      <if test="updateTime != null">
        UPDATE_TIME = #{updateTime,jdbcType=TIMESTAMP},
      </if>
      <if test="creationTime != null">
        CREATION_TIME = #{creationTime,jdbcType=TIMESTAMP},
      </if>
    </set>
    where ID = #{id,jdbcType=DECIMAL}
  </update>
  <update id="updateByPrimaryKey" parameterType="com.nantian.entity.sys.SysDictionary">
    update SYS_DICTIONARY
    set DICT_NAME = #{dictName,jdbcType=VARCHAR},
      DICT_KEY = #{dictKey,jdbcType=VARCHAR},
      DICT_VALUE = #{dictValue,jdbcType=VARCHAR},
      REMARK = #{remark,jdbcType=VARCHAR},
      UPDATE_TIME = #{updateTime,jdbcType=TIMESTAMP},
      CREATION_TIME = #{creationTime,jdbcType=TIMESTAMP}
    where ID = #{id,jdbcType=DECIMAL}
  </update>
</mapper>