<?xml version="1.0" encoding="UTF-8"?>
<!DOCTYPE mapper PUBLIC "-//mybatis.org//DTD Mapper 3.0//EN" "http://mybatis.org/dtd/mybatis-3-mapper.dtd">
<mapper namespace="com.nantian.mapper.sys.SysFirstMotionMapper">
  <resultMap id="BaseResultMap" type="com.nantian.entity.sys.SysFirstMotion">
    <id column="ID" jdbcType="DECIMAL" property="id" />
    <result column="MEETING_DATE" jdbcType="TIMESTAMP" property="meetingDate" />
    <result column="HOST" jdbcType="VARCHAR" property="host" />
    <result column="DUE_NUMBER" jdbcType="VARCHAR" property="dueNumber" />
    <result column="ACTUAL_NUMBER" jdbcType="VARCHAR" property="actualNumber" />
    <result column="SUMMARY_NUMBER" jdbcType="VARCHAR" property="summaryNumber" />
    <result column="CANDIDATE_NAME" jdbcType="VARCHAR" property="candidateName" />
    <result column="ADJUST_TYPE" jdbcType="VARCHAR" property="adjustType" />
    <result column="ASPIRING_UNIT" jdbcType="VARCHAR" property="aspiringUnit" />
    <result column="ASPIRING_POSITION" jdbcType="VARCHAR" property="aspiringPosition" />
    <result column="ASPIRING_POSITION_LEVEL" jdbcType="VARCHAR" property="aspiringPositionLevel" />
    <result column="NOTE" jdbcType="VARCHAR" property="note" />
    <result column="PASS" jdbcType="VARCHAR" property="pass" />
    <result column="INSTANCE_ID" jdbcType="VARCHAR" property="instanceId" />
    <result column="CREATION_TIME" jdbcType="TIMESTAMP" property="creationTime" />
    <result column="UPDATE_TIME" jdbcType="TIMESTAMP" property="updateTime" />
    <result column="SUMMARY_FILENAME" jdbcType="VARCHAR" property="summaryFilename" />
    <result column="SIGN_FILENAME" jdbcType="VARCHAR" property="signFilename" />
  </resultMap>
  <sql id="Example_Where_Clause">
    <where>
      <foreach collection="oredCriteria" item="criteria" separator="or">
        <if test="criteria.valid">
          <trim prefix="(" prefixOverrides="and" suffix=")">
            <foreach collection="criteria.criteria" item="criterion">
              <choose>
                <when test="criterion.noValue">
                  and ${criterion.condition}
                </when>
                <when test="criterion.singleValue">
                  and ${criterion.condition} #{criterion.value}
                </when>
                <when test="criterion.betweenValue">
                  and ${criterion.condition} #{criterion.value} and #{criterion.secondValue}
                </when>
                <when test="criterion.listValue">
                  and ${criterion.condition}
                  <foreach close=")" collection="criterion.value" item="listItem" open="(" separator=",">
                    #{listItem}
                  </foreach>
                </when>
              </choose>
            </foreach>
          </trim>
        </if>
      </foreach>
    </where>
  </sql>
  <sql id="Update_By_Example_Where_Clause">
    <where>
      <foreach collection="example.oredCriteria" item="criteria" separator="or">
        <if test="criteria.valid">
          <trim prefix="(" prefixOverrides="and" suffix=")">
            <foreach collection="criteria.criteria" item="criterion">
              <choose>
                <when test="criterion.noValue">
                  and ${criterion.condition}
                </when>
                <when test="criterion.singleValue">
                  and ${criterion.condition} #{criterion.value}
                </when>
                <when test="criterion.betweenValue">
                  and ${criterion.condition} #{criterion.value} and #{criterion.secondValue}
                </when>
                <when test="criterion.listValue">
                  and ${criterion.condition}
                  <foreach close=")" collection="criterion.value" item="listItem" open="(" separator=",">
                    #{listItem}
                  </foreach>
                </when>
              </choose>
            </foreach>
          </trim>
        </if>
      </foreach>
    </where>
  </sql>
  <sql id="Base_Column_List">
    ID, MEETING_DATE, HOST, DUE_NUMBER, ACTUAL_NUMBER, SUMMARY_NUMBER, CANDIDATE_NAME, 
    ADJUST_TYPE, ASPIRING_UNIT, ASPIRING_POSITION, ASPIRING_POSITION_LEVEL, NOTE, PASS, 
    INSTANCE_ID, CREATION_TIME, UPDATE_TIME, SUMMARY_FILENAME, SIGN_FILENAME
  </sql>
  <select id="selectByExample" parameterType="com.nantian.entity.sys.SysFirstMotionExample" resultMap="BaseResultMap">
    select
    <if test="distinct">
      distinct
    </if>
    'true' as QUERYID,
    <include refid="Base_Column_List" />
    from SYS_FIRST_MOTION
    <if test="_parameter != null">
      <include refid="Example_Where_Clause" />
    </if>
    <if test="orderByClause != null">
      order by ${orderByClause}
    </if>
  </select>
  <select id="selectByPrimaryKey" parameterType="java.lang.Long" resultMap="BaseResultMap">
    select 
    <include refid="Base_Column_List" />
    from SYS_FIRST_MOTION
    where ID = #{id,jdbcType=DECIMAL}
  </select>
  <delete id="deleteByPrimaryKey" parameterType="java.lang.Long">
    delete from SYS_FIRST_MOTION
    where ID = #{id,jdbcType=DECIMAL}
  </delete>
  <delete id="deleteByExample" parameterType="com.nantian.entity.sys.SysFirstMotionExample">
    delete from SYS_FIRST_MOTION
    <if test="_parameter != null">
      <include refid="Example_Where_Clause" />
    </if>
  </delete>
  <insert id="insert" parameterType="com.nantian.entity.sys.SysFirstMotion">
    insert into SYS_FIRST_MOTION (ID, MEETING_DATE, HOST, 
      DUE_NUMBER, ACTUAL_NUMBER, SUMMARY_NUMBER, 
      CANDIDATE_NAME, ADJUST_TYPE, ASPIRING_UNIT, 
      ASPIRING_POSITION, ASPIRING_POSITION_LEVEL, 
      NOTE, PASS, INSTANCE_ID, 
      CREATION_TIME, UPDATE_TIME, SUMMARY_FILENAME, 
      SIGN_FILENAME)
    values (#{id,jdbcType=DECIMAL}, #{meetingDate,jdbcType=TIMESTAMP}, #{host,jdbcType=VARCHAR}, 
      #{dueNumber,jdbcType=VARCHAR}, #{actualNumber,jdbcType=VARCHAR}, #{summaryNumber,jdbcType=VARCHAR}, 
      #{candidateName,jdbcType=VARCHAR}, #{adjustType,jdbcType=VARCHAR}, #{aspiringUnit,jdbcType=VARCHAR}, 
      #{aspiringPosition,jdbcType=VARCHAR}, #{aspiringPositionLevel,jdbcType=VARCHAR}, 
      #{note,jdbcType=VARCHAR}, #{pass,jdbcType=VARCHAR}, #{instanceId,jdbcType=VARCHAR}, 
      #{creationTime,jdbcType=TIMESTAMP}, #{updateTime,jdbcType=TIMESTAMP}, #{summaryFilename,jdbcType=VARCHAR}, 
      #{signFilename,jdbcType=VARCHAR})
  </insert>
  <insert id="insertSelective" parameterType="com.nantian.entity.sys.SysFirstMotion">
    insert into SYS_FIRST_MOTION
    <trim prefix="(" suffix=")" suffixOverrides=",">
      <if test="id != null">
        ID,
      </if>
      <if test="meetingDate != null">
        MEETING_DATE,
      </if>
      <if test="host != null">
        HOST,
      </if>
      <if test="dueNumber != null">
        DUE_NUMBER,
      </if>
      <if test="actualNumber != null">
        ACTUAL_NUMBER,
      </if>
      <if test="summaryNumber != null">
        SUMMARY_NUMBER,
      </if>
      <if test="candidateName != null">
        CANDIDATE_NAME,
      </if>
      <if test="adjustType != null">
        ADJUST_TYPE,
      </if>
      <if test="aspiringUnit != null">
        ASPIRING_UNIT,
      </if>
      <if test="aspiringPosition != null">
        ASPIRING_POSITION,
      </if>
      <if test="aspiringPositionLevel != null">
        ASPIRING_POSITION_LEVEL,
      </if>
      <if test="note != null">
        NOTE,
      </if>
      <if test="pass != null">
        PASS,
      </if>
      <if test="instanceId != null">
        INSTANCE_ID,
      </if>
      <if test="creationTime != null">
        CREATION_TIME,
      </if>
      <if test="updateTime != null">
        UPDATE_TIME,
      </if>
      <if test="summaryFilename != null">
        SUMMARY_FILENAME,
      </if>
      <if test="signFilename != null">
        SIGN_FILENAME,
      </if>
    </trim>
    <trim prefix="values (" suffix=")" suffixOverrides=",">
      <if test="id != null">
        #{id,jdbcType=DECIMAL},
      </if>
      <if test="meetingDate != null">
        #{meetingDate,jdbcType=TIMESTAMP},
      </if>
      <if test="host != null">
        #{host,jdbcType=VARCHAR},
      </if>
      <if test="dueNumber != null">
        #{dueNumber,jdbcType=VARCHAR},
      </if>
      <if test="actualNumber != null">
        #{actualNumber,jdbcType=VARCHAR},
      </if>
      <if test="summaryNumber != null">
        #{summaryNumber,jdbcType=VARCHAR},
      </if>
      <if test="candidateName != null">
        #{candidateName,jdbcType=VARCHAR},
      </if>
      <if test="adjustType != null">
        #{adjustType,jdbcType=VARCHAR},
      </if>
      <if test="aspiringUnit != null">
        #{aspiringUnit,jdbcType=VARCHAR},
      </if>
      <if test="aspiringPosition != null">
        #{aspiringPosition,jdbcType=VARCHAR},
      </if>
      <if test="aspiringPositionLevel != null">
        #{aspiringPositionLevel,jdbcType=VARCHAR},
      </if>
      <if test="note != null">
        #{note,jdbcType=VARCHAR},
      </if>
      <if test="pass != null">
        #{pass,jdbcType=VARCHAR},
      </if>
      <if test="instanceId != null">
        #{instanceId,jdbcType=VARCHAR},
      </if>
      <if test="creationTime != null">
        #{creationTime,jdbcType=TIMESTAMP},
      </if>
      <if test="updateTime != null">
        #{updateTime,jdbcType=TIMESTAMP},
      </if>
      <if test="summaryFilename != null">
        #{summaryFilename,jdbcType=VARCHAR},
      </if>
      <if test="signFilename != null">
        #{signFilename,jdbcType=VARCHAR},
      </if>
    </trim>
  </insert>
  <select id="countByExample" parameterType="com.nantian.entity.sys.SysFirstMotionExample" resultType="java.lang.Long">
    select count(*) from SYS_FIRST_MOTION
    <if test="_parameter != null">
      <include refid="Example_Where_Clause" />
    </if>
  </select>
  <update id="updateByExampleSelective" parameterType="map">
    update SYS_FIRST_MOTION
    <set>
      <if test="record.id != null">
        ID = #{record.id,jdbcType=DECIMAL},
      </if>
      <if test="record.meetingDate != null">
        MEETING_DATE = #{record.meetingDate,jdbcType=TIMESTAMP},
      </if>
      <if test="record.host != null">
        HOST = #{record.host,jdbcType=VARCHAR},
      </if>
      <if test="record.dueNumber != null">
        DUE_NUMBER = #{record.dueNumber,jdbcType=VARCHAR},
      </if>
      <if test="record.actualNumber != null">
        ACTUAL_NUMBER = #{record.actualNumber,jdbcType=VARCHAR},
      </if>
      <if test="record.summaryNumber != null">
        SUMMARY_NUMBER = #{record.summaryNumber,jdbcType=VARCHAR},
      </if>
      <if test="record.candidateName != null">
        CANDIDATE_NAME = #{record.candidateName,jdbcType=VARCHAR},
      </if>
      <if test="record.adjustType != null">
        ADJUST_TYPE = #{record.adjustType,jdbcType=VARCHAR},
      </if>
      <if test="record.aspiringUnit != null">
        ASPIRING_UNIT = #{record.aspiringUnit,jdbcType=VARCHAR},
      </if>
      <if test="record.aspiringPosition != null">
        ASPIRING_POSITION = #{record.aspiringPosition,jdbcType=VARCHAR},
      </if>
      <if test="record.aspiringPositionLevel != null">
        ASPIRING_POSITION_LEVEL = #{record.aspiringPositionLevel,jdbcType=VARCHAR},
      </if>
      <if test="record.note != null">
        NOTE = #{record.note,jdbcType=VARCHAR},
      </if>
      <if test="record.pass != null">
        PASS = #{record.pass,jdbcType=VARCHAR},
      </if>
      <if test="record.instanceId != null">
        INSTANCE_ID = #{record.instanceId,jdbcType=VARCHAR},
      </if>
      <if test="record.creationTime != null">
        CREATION_TIME = #{record.creationTime,jdbcType=TIMESTAMP},
      </if>
      <if test="record.updateTime != null">
        UPDATE_TIME = #{record.updateTime,jdbcType=TIMESTAMP},
      </if>
      <if test="record.summaryFilename != null">
        SUMMARY_FILENAME = #{record.summaryFilename,jdbcType=VARCHAR},
      </if>
      <if test="record.signFilename != null">
        SIGN_FILENAME = #{record.signFilename,jdbcType=VARCHAR},
      </if>
    </set>
    <if test="_parameter != null">
      <include refid="Update_By_Example_Where_Clause" />
    </if>
  </update>
  <update id="updateByExample" parameterType="map">
    update SYS_FIRST_MOTION
    set ID = #{record.id,jdbcType=DECIMAL},
      MEETING_DATE = #{record.meetingDate,jdbcType=TIMESTAMP},
      HOST = #{record.host,jdbcType=VARCHAR},
      DUE_NUMBER = #{record.dueNumber,jdbcType=VARCHAR},
      ACTUAL_NUMBER = #{record.actualNumber,jdbcType=VARCHAR},
      SUMMARY_NUMBER = #{record.summaryNumber,jdbcType=VARCHAR},
      CANDIDATE_NAME = #{record.candidateName,jdbcType=VARCHAR},
      ADJUST_TYPE = #{record.adjustType,jdbcType=VARCHAR},
      ASPIRING_UNIT = #{record.aspiringUnit,jdbcType=VARCHAR},
      ASPIRING_POSITION = #{record.aspiringPosition,jdbcType=VARCHAR},
      ASPIRING_POSITION_LEVEL = #{record.aspiringPositionLevel,jdbcType=VARCHAR},
      NOTE = #{record.note,jdbcType=VARCHAR},
      PASS = #{record.pass,jdbcType=VARCHAR},
      INSTANCE_ID = #{record.instanceId,jdbcType=VARCHAR},
      CREATION_TIME = #{record.creationTime,jdbcType=TIMESTAMP},
      UPDATE_TIME = #{record.updateTime,jdbcType=TIMESTAMP},
      SUMMARY_FILENAME = #{record.summaryFilename,jdbcType=VARCHAR},
      SIGN_FILENAME = #{record.signFilename,jdbcType=VARCHAR}
    <if test="_parameter != null">
      <include refid="Update_By_Example_Where_Clause" />
    </if>
  </update>
  <update id="updateByPrimaryKeySelective" parameterType="com.nantian.entity.sys.SysFirstMotion">
    update SYS_FIRST_MOTION
    <set>
      <if test="meetingDate != null">
        MEETING_DATE = #{meetingDate,jdbcType=TIMESTAMP},
      </if>
      <if test="host != null">
        HOST = #{host,jdbcType=VARCHAR},
      </if>
      <if test="dueNumber != null">
        DUE_NUMBER = #{dueNumber,jdbcType=VARCHAR},
      </if>
      <if test="actualNumber != null">
        ACTUAL_NUMBER = #{actualNumber,jdbcType=VARCHAR},
      </if>
      <if test="summaryNumber != null">
        SUMMARY_NUMBER = #{summaryNumber,jdbcType=VARCHAR},
      </if>
      <if test="candidateName != null">
        CANDIDATE_NAME = #{candidateName,jdbcType=VARCHAR},
      </if>
      <if test="adjustType != null">
        ADJUST_TYPE = #{adjustType,jdbcType=VARCHAR},
      </if>
      <if test="aspiringUnit != null">
        ASPIRING_UNIT = #{aspiringUnit,jdbcType=VARCHAR},
      </if>
      <if test="aspiringPosition != null">
        ASPIRING_POSITION = #{aspiringPosition,jdbcType=VARCHAR},
      </if>
      <if test="aspiringPositionLevel != null">
        ASPIRING_POSITION_LEVEL = #{aspiringPositionLevel,jdbcType=VARCHAR},
      </if>
      <if test="note != null">
        NOTE = #{note,jdbcType=VARCHAR},
      </if>
      <if test="pass != null">
        PASS = #{pass,jdbcType=VARCHAR},
      </if>
      <if test="instanceId != null">
        INSTANCE_ID = #{instanceId,jdbcType=VARCHAR},
      </if>
      <if test="creationTime != null">
        CREATION_TIME = #{creationTime,jdbcType=TIMESTAMP},
      </if>
      <if test="updateTime != null">
        UPDATE_TIME = #{updateTime,jdbcType=TIMESTAMP},
      </if>
      <if test="summaryFilename != null">
        SUMMARY_FILENAME = #{summaryFilename,jdbcType=VARCHAR},
      </if>
      <if test="signFilename != null">
        SIGN_FILENAME = #{signFilename,jdbcType=VARCHAR},
      </if>
    </set>
    where ID = #{id,jdbcType=DECIMAL}
  </update>
  <update id="updateByPrimaryKey" parameterType="com.nantian.entity.sys.SysFirstMotion">
    update SYS_FIRST_MOTION
    set MEETING_DATE = #{meetingDate,jdbcType=TIMESTAMP},
      HOST = #{host,jdbcType=VARCHAR},
      DUE_NUMBER = #{dueNumber,jdbcType=VARCHAR},
      ACTUAL_NUMBER = #{actualNumber,jdbcType=VARCHAR},
      SUMMARY_NUMBER = #{summaryNumber,jdbcType=VARCHAR},
      CANDIDATE_NAME = #{candidateName,jdbcType=VARCHAR},
      ADJUST_TYPE = #{adjustType,jdbcType=VARCHAR},
      ASPIRING_UNIT = #{aspiringUnit,jdbcType=VARCHAR},
      ASPIRING_POSITION = #{aspiringPosition,jdbcType=VARCHAR},
      ASPIRING_POSITION_LEVEL = #{aspiringPositionLevel,jdbcType=VARCHAR},
      NOTE = #{note,jdbcType=VARCHAR},
      PASS = #{pass,jdbcType=VARCHAR},
      INSTANCE_ID = #{instanceId,jdbcType=VARCHAR},
      CREATION_TIME = #{creationTime,jdbcType=TIMESTAMP},
      UPDATE_TIME = #{updateTime,jdbcType=TIMESTAMP},
      SUMMARY_FILENAME = #{summaryFilename,jdbcType=VARCHAR},
      SIGN_FILENAME = #{signFilename,jdbcType=VARCHAR}
    where ID = #{id,jdbcType=DECIMAL}
  </update>

  <update id="updayeflow" parameterType="com.nantian.entity.sys.SysFlow">
    update SYS_FLOW
    set FIRST_MOTION_ID = #{firstMotionId,jdbcType=TIMESTAMP},
      FIRST_MOTION_RESULT = #{firstMotionResult,jdbcType=VARCHAR},
      STEP3 = #{step3,jdbcType=VARCHAR}
    where USERID = #{firstMotionId,jdbcType=DECIMAL}
  </update>

  <resultMap id="BaseResultFlowMap" type="com.nantian.entity.sys.SysFlow">
    <id column="ID" jdbcType="DECIMAL" property="id" />
    <result column="USERID" jdbcType="DECIMAL" property="userid" />
    <result column="USERNAME" jdbcType="VARCHAR" property="username" />
    <result column="ASPIRING_UNIT" jdbcType="VARCHAR" property="aspiringUnit" />
    <result column="ASPIRING_POSITION" jdbcType="VARCHAR" property="aspiringPosition" />
    <result column="STEP1" jdbcType="VARCHAR" property="step1" />
    <result column="UNIT_RE_ID" jdbcType="DECIMAL" property="unitReId" />
    <result column="UNIT_RE_RESULT" jdbcType="VARCHAR" property="unitReResult" />
    <result column="STEP2" jdbcType="VARCHAR" property="step2" />
    <result column="FIRST_MOTION_ID" jdbcType="DECIMAL" property="firstMotionId" />
    <result column="FIRST_MOTION_RESULT" jdbcType="VARCHAR" property="firstMotionResult" />
    <result column="STEP3" jdbcType="VARCHAR" property="step3" />
    <result column="REPORT_BEFORE_IM_ID" jdbcType="DECIMAL" property="reportBeforeImId" />
    <result column="REPORT_BEFORE_IM_RESULT" jdbcType="VARCHAR" property="reportBeforeImResult" />
    <result column="STEP4" jdbcType="VARCHAR" property="step4" />
    <result column="DEMOCRACY_INS_RE_ID" jdbcType="DECIMAL" property="democracyInsReId" />
    <result column="DEMOCRACY_INS_RE_RESULT" jdbcType="VARCHAR" property="democracyInsReResult" />
    <result column="STEP5" jdbcType="VARCHAR" property="step5" />
    <result column="INSPECT_ARCHIVES_ID" jdbcType="DECIMAL" property="inspectArchivesId" />
    <result column="INSPECT_ARCHIVES_RESULT" jdbcType="VARCHAR" property="inspectArchivesResult" />
    <result column="STEP6" jdbcType="VARCHAR" property="step6" />
    <result column="COM_DIS_INS_RE_OP_ID" jdbcType="DECIMAL" property="comDisInsReOpId" />
    <result column="COM_DIS_INS_RE_OP_RESULT" jdbcType="VARCHAR" property="comDisInsReOpResult" />
    <result column="STEP7" jdbcType="VARCHAR" property="step7" />
    <result column="COMPLIANCE_DEP_OP_ID" jdbcType="DECIMAL" property="complianceDepOpId" />
    <result column="COMPLIANCE_DEP_OP_RESULT" jdbcType="VARCHAR" property="complianceDepOpResult" />
    <result column="STEP8" jdbcType="VARCHAR" property="step8" />
    <result column="SECOND_MOTION_ID" jdbcType="DECIMAL" property="secondMotionId" />
    <result column="SECOND_MOTION_RESULT" jdbcType="VARCHAR" property="secondMotionResult" />
    <result column="STEP9" jdbcType="VARCHAR" property="step9" />
    <result column="PUB_BEFORE_IN_OFFICE_ID" jdbcType="DECIMAL" property="pubBeforeInOfficeId" />
    <result column="PUB_BEFORE_IN_OFFICE_RESULT" jdbcType="VARCHAR" property="pubBeforeInOfficeResult" />
    <result column="STEP10" jdbcType="VARCHAR" property="step10" />
    <result column="THIRD_MOTION_ID" jdbcType="DECIMAL" property="thirdMotionId" />
    <result column="THIRD_MOTION_RESULT" jdbcType="VARCHAR" property="thirdMotionResult" />
    <result column="STEP11" jdbcType="VARCHAR" property="step11" />
    <result column="APP_BEFORE_IN_OFFICE_ID" jdbcType="DECIMAL" property="appBeforeInOfficeId" />
    <result column="APP_BEFORE_IN_OFFICE_RESULT" jdbcType="VARCHAR" property="appBeforeInOfficeResult" />
    <result column="STEP12" jdbcType="VARCHAR" property="step12" />
    <result column="OUTGOING_INSPECTION_ID" jdbcType="DECIMAL" property="outgoingInspectionId" />
    <result column="OUTGOING_INSPECTION_RESULT" jdbcType="VARCHAR" property="outgoingInspectionResult" />
    <result column="STEP13" jdbcType="VARCHAR" property="step13" />
    <result column="CON_IN_OFFICE_ID" jdbcType="DECIMAL" property="conInOfficeId" />
    <result column="CON_IN_OFFICE_RESULT" jdbcType="VARCHAR" property="conInOfficeResult" />
    <result column="STEP14" jdbcType="VARCHAR" property="step14" />
    <result column="CON_HONEST_ID" jdbcType="DECIMAL" property="conHonestId" />
    <result column="CON_HONEST_RESULT" jdbcType="VARCHAR" property="conHonestResult" />
    <result column="STEP15" jdbcType="VARCHAR" property="step15" />
    <result column="APP_BANKING_SUPERVISION_ID" jdbcType="DECIMAL" property="appBankingSupervisionId" />
    <result column="APP_BANKING_SUPERVISION_RESULT" jdbcType="VARCHAR" property="appBankingSupervisionResult" />
    <result column="STEP16" jdbcType="VARCHAR" property="step16" />
    <result column="ANNOUNCED_IN_OFFICE_ID" jdbcType="DECIMAL" property="announcedInOfficeId" />
    <result column="ANNOUNCED_IN_OFFICE_RESULT" jdbcType="VARCHAR" property="announcedInOfficeResult" />
    <result column="STEP17" jdbcType="VARCHAR" property="step17" />
    <result column="POST_APPOINT_ID" jdbcType="DECIMAL" property="postAppointId" />
    <result column="POST_APPOINT_RESULT" jdbcType="VARCHAR" property="postAppointResult" />
    <result column="STEP18" jdbcType="VARCHAR" property="step18" />
    <result column="CREATION_TIME" jdbcType="TIMESTAMP" property="creationTime" />
    <result column="UPDATE_TIME" jdbcType="TIMESTAMP" property="updateTime" />
    <result column="FLOW_STATUS" jdbcType="VARCHAR" property="flowStatus" />
    <result column="ORG" jdbcType="VARCHAR" property="org" />
    <result column="ADJUST_TYPE" jdbcType="VARCHAR" property="adjustType" />
    <result column="POSITION_LEVEL" jdbcType="VARCHAR" property="positionLevel" />
    <result column="START_DATE" jdbcType="TIMESTAMP" property="startDate" />
    <result column="END_DATE" jdbcType="TIMESTAMP" property="endDate" />
  </resultMap>
  <select id="getFlowById" parameterType="java.lang.Long" resultMap="BaseResultFlowMap">
    select
    ID, USERID, USERNAME, ASPIRING_UNIT, ASPIRING_POSITION, STEP1, UNIT_RE_ID, UNIT_RE_RESULT,
    STEP2, FIRST_MOTION_ID, FIRST_MOTION_RESULT, STEP3, REPORT_BEFORE_IM_ID, REPORT_BEFORE_IM_RESULT,
    STEP4, DEMOCRACY_INS_RE_ID, DEMOCRACY_INS_RE_RESULT, STEP5, INSPECT_ARCHIVES_ID,
    INSPECT_ARCHIVES_RESULT, STEP6, COM_DIS_INS_RE_OP_ID, COM_DIS_INS_RE_OP_RESULT, STEP7,
    COMPLIANCE_DEP_OP_ID, COMPLIANCE_DEP_OP_RESULT, STEP8, SECOND_MOTION_ID, SECOND_MOTION_RESULT,
    STEP9, PUB_BEFORE_IN_OFFICE_ID, PUB_BEFORE_IN_OFFICE_RESULT, STEP10, THIRD_MOTION_ID,
    THIRD_MOTION_RESULT, STEP11, APP_BEFORE_IN_OFFICE_ID, APP_BEFORE_IN_OFFICE_RESULT,
    STEP12, OUTGOING_INSPECTION_ID, OUTGOING_INSPECTION_RESULT, STEP13, CON_IN_OFFICE_ID,
    CON_IN_OFFICE_RESULT, STEP14, CON_HONEST_ID, CON_HONEST_RESULT, STEP15, APP_BANKING_SUPERVISION_ID,
    APP_BANKING_SUPERVISION_RESULT, STEP16, ANNOUNCED_IN_OFFICE_ID, ANNOUNCED_IN_OFFICE_RESULT,
    STEP17, POST_APPOINT_ID, POST_APPOINT_RESULT, STEP18, CREATION_TIME, UPDATE_TIME,
    FLOW_STATUS, ORG, ADJUST_TYPE, POSITION_LEVEL, START_DATE, END_DATE
    from GPP.SYS_FLOW
    where ID = #{firstMotionId,jdbcType=DECIMAL}
  </select>
</mapper>