<?xml version="1.0" encoding="UTF-8"?>
<!DOCTYPE mapper PUBLIC "-//mybatis.org//DTD Mapper 3.0//EN" "http://mybatis.org/dtd/mybatis-3-mapper.dtd">
<mapper namespace="com.nantian.mapper.sys.SysRolePermissionMapper">
  <resultMap id="BaseResultMap" type="com.nantian.entity.sys.SysRolePermissionKey">
    <id column="ROLE_ID" jdbcType="DECIMAL" property="roleId" />
    <id column="PERMISSION_ID" jdbcType="DECIMAL" property="permissionId" />
  </resultMap>
  <sql id="Example_Where_Clause">
    <where>
      <foreach collection="oredCriteria" item="criteria" separator="or">
        <if test="criteria.valid">
          <trim prefix="(" prefixOverrides="and" suffix=")">
            <foreach collection="criteria.criteria" item="criterion">
              <choose>
                <when test="criterion.noValue">
                  and ${criterion.condition}
                </when>
                <when test="criterion.singleValue">
                  and ${criterion.condition} #{criterion.value}
                </when>
                <when test="criterion.betweenValue">
                  and ${criterion.condition} #{criterion.value} and #{criterion.secondValue}
                </when>
                <when test="criterion.listValue">
                  and ${criterion.condition}
                  <foreach close=")" collection="criterion.value" item="listItem" open="(" separator=",">
                    #{listItem}
                  </foreach>
                </when>
              </choose>
            </foreach>
          </trim>
        </if>
      </foreach>
    </where>
  </sql>
  <sql id="Update_By_Example_Where_Clause">
    <where>
      <foreach collection="example.oredCriteria" item="criteria" separator="or">
        <if test="criteria.valid">
          <trim prefix="(" prefixOverrides="and" suffix=")">
            <foreach collection="criteria.criteria" item="criterion">
              <choose>
                <when test="criterion.noValue">
                  and ${criterion.condition}
                </when>
                <when test="criterion.singleValue">
                  and ${criterion.condition} #{criterion.value}
                </when>
                <when test="criterion.betweenValue">
                  and ${criterion.condition} #{criterion.value} and #{criterion.secondValue}
                </when>
                <when test="criterion.listValue">
                  and ${criterion.condition}
                  <foreach close=")" collection="criterion.value" item="listItem" open="(" separator=",">
                    #{listItem}
                  </foreach>
                </when>
              </choose>
            </foreach>
          </trim>
        </if>
      </foreach>
    </where>
  </sql>
  <sql id="Base_Column_List">
    ROLE_ID, PERMISSION_ID
  </sql>
  <select id="selectByExample" parameterType="com.nantian.entity.sys.SysRolePermissionExample" resultMap="BaseResultMap">
    select
    <if test="distinct">
      distinct
    </if>
    'true' as QUERYID,
    <include refid="Base_Column_List" />
    from SYS_ROLE_PERMISSION
    <if test="_parameter != null">
      <include refid="Example_Where_Clause" />
    </if>
    <if test="orderByClause != null">
      order by ${orderByClause}
    </if>
  </select>
  <delete id="deleteByPrimaryKey" parameterType="com.nantian.entity.sys.SysRolePermissionKey">
    delete from SYS_ROLE_PERMISSION
    where ROLE_ID = #{roleId,jdbcType=DECIMAL}
      and PERMISSION_ID = #{permissionId,jdbcType=DECIMAL}
  </delete>
  <delete id="deleteByExample" parameterType="com.nantian.entity.sys.SysRolePermissionExample">
    delete from SYS_ROLE_PERMISSION
    <if test="_parameter != null">
      <include refid="Example_Where_Clause" />
    </if>
  </delete>
  <insert id="insert" parameterType="com.nantian.entity.sys.SysRolePermissionKey">
    insert into SYS_ROLE_PERMISSION (ROLE_ID, PERMISSION_ID)
    values (#{roleId,jdbcType=DECIMAL}, #{permissionId,jdbcType=DECIMAL})
  </insert>
  <insert id="insertSelective" parameterType="com.nantian.entity.sys.SysRolePermissionKey">
    insert into SYS_ROLE_PERMISSION
    <trim prefix="(" suffix=")" suffixOverrides=",">
      <if test="roleId != null">
        ROLE_ID,
      </if>
      <if test="permissionId != null">
        PERMISSION_ID,
      </if>
    </trim>
    <trim prefix="values (" suffix=")" suffixOverrides=",">
      <if test="roleId != null">
        #{roleId,jdbcType=DECIMAL},
      </if>
      <if test="permissionId != null">
        #{permissionId,jdbcType=DECIMAL},
      </if>
    </trim>
  </insert>
  <select id="countByExample" parameterType="com.nantian.entity.sys.SysRolePermissionExample" resultType="java.lang.Long">
    select count(*) from SYS_ROLE_PERMISSION
    <if test="_parameter != null">
      <include refid="Example_Where_Clause" />
    </if>
  </select>
  <update id="updateByExampleSelective" parameterType="map">
    update SYS_ROLE_PERMISSION
    <set>
      <if test="record.roleId != null">
        ROLE_ID = #{record.roleId,jdbcType=DECIMAL},
      </if>
      <if test="record.permissionId != null">
        PERMISSION_ID = #{record.permissionId,jdbcType=DECIMAL},
      </if>
    </set>
    <if test="_parameter != null">
      <include refid="Update_By_Example_Where_Clause" />
    </if>
  </update>
  <update id="updateByExample" parameterType="map">
    update SYS_ROLE_PERMISSION
    set ROLE_ID = #{record.roleId,jdbcType=DECIMAL},
      PERMISSION_ID = #{record.permissionId,jdbcType=DECIMAL}
    <if test="_parameter != null">
      <include refid="Update_By_Example_Where_Clause" />
    </if>
  </update>
</mapper>