<?xml version="1.0" encoding="UTF-8"?>
<!DOCTYPE mapper PUBLIC "-//mybatis.org//DTD Mapper 3.0//EN" "http://mybatis.org/dtd/mybatis-3-mapper.dtd">
<mapper namespace="com.nantian.mapper.sys.SysUserRoleMapper">
  <resultMap id="BaseResultMap" type="com.nantian.entity.sys.SysUserRoleKey">
    <id column="USER_ID" jdbcType="DECIMAL" property="userId" />
    <id column="ROLE_ID" jdbcType="DECIMAL" property="roleId" />
  </resultMap>
  <sql id="Example_Where_Clause">
    <where>
      <foreach collection="oredCriteria" item="criteria" separator="or">
        <if test="criteria.valid">
          <trim prefix="(" prefixOverrides="and" suffix=")">
            <foreach collection="criteria.criteria" item="criterion">
              <choose>
                <when test="criterion.noValue">
                  and ${criterion.condition}
                </when>
                <when test="criterion.singleValue">
                  and ${criterion.condition} #{criterion.value}
                </when>
                <when test="criterion.betweenValue">
                  and ${criterion.condition} #{criterion.value} and #{criterion.secondValue}
                </when>
                <when test="criterion.listValue">
                  and ${criterion.condition}
                  <foreach close=")" collection="criterion.value" item="listItem" open="(" separator=",">
                    #{listItem}
                  </foreach>
                </when>
              </choose>
            </foreach>
          </trim>
        </if>
      </foreach>
    </where>
  </sql>
  <sql id="Update_By_Example_Where_Clause">
    <where>
      <foreach collection="example.oredCriteria" item="criteria" separator="or">
        <if test="criteria.valid">
          <trim prefix="(" prefixOverrides="and" suffix=")">
            <foreach collection="criteria.criteria" item="criterion">
              <choose>
                <when test="criterion.noValue">
                  and ${criterion.condition}
                </when>
                <when test="criterion.singleValue">
                  and ${criterion.condition} #{criterion.value}
                </when>
                <when test="criterion.betweenValue">
                  and ${criterion.condition} #{criterion.value} and #{criterion.secondValue}
                </when>
                <when test="criterion.listValue">
                  and ${criterion.condition}
                  <foreach close=")" collection="criterion.value" item="listItem" open="(" separator=",">
                    #{listItem}
                  </foreach>
                </when>
              </choose>
            </foreach>
          </trim>
        </if>
      </foreach>
    </where>
  </sql>
  <sql id="Base_Column_List">
    USER_ID, ROLE_ID
  </sql>
  <select id="selectByExample" parameterType="com.nantian.entity.sys.SysUserRoleExample" resultMap="BaseResultMap">
    select
    <if test="distinct">
      distinct
    </if>
    'true' as QUERYID,
    <include refid="Base_Column_List" />
    from SYS_USER_ROLE
    <if test="_parameter != null">
      <include refid="Example_Where_Clause" />
    </if>
    <if test="orderByClause != null">
      order by ${orderByClause}
    </if>
  </select>
  <delete id="deleteByPrimaryKey" parameterType="com.nantian.entity.sys.SysUserRoleKey">
    delete from SYS_USER_ROLE
    where USER_ID = #{userId,jdbcType=DECIMAL}
      and ROLE_ID = #{roleId,jdbcType=DECIMAL}
  </delete>
  <delete id="deleteByExample" parameterType="com.nantian.entity.sys.SysUserRoleExample">
    delete from SYS_USER_ROLE
    <if test="_parameter != null">
      <include refid="Example_Where_Clause" />
    </if>
  </delete>
  <insert id="insert" parameterType="com.nantian.entity.sys.SysUserRoleKey">
    insert into SYS_USER_ROLE (USER_ID, ROLE_ID)
    values (#{userId,jdbcType=DECIMAL}, #{roleId,jdbcType=DECIMAL})
  </insert>
  <insert id="insertSelective" parameterType="com.nantian.entity.sys.SysUserRoleKey">
    insert into SYS_USER_ROLE
    <trim prefix="(" suffix=")" suffixOverrides=",">
      <if test="userId != null">
        USER_ID,
      </if>
      <if test="roleId != null">
        ROLE_ID,
      </if>
    </trim>
    <trim prefix="values (" suffix=")" suffixOverrides=",">
      <if test="userId != null">
        #{userId,jdbcType=DECIMAL},
      </if>
      <if test="roleId != null">
        #{roleId,jdbcType=DECIMAL},
      </if>
    </trim>
  </insert>
  <select id="countByExample" parameterType="com.nantian.entity.sys.SysUserRoleExample" resultType="java.lang.Long">
    select count(*) from SYS_USER_ROLE
    <if test="_parameter != null">
      <include refid="Example_Where_Clause" />
    </if>
  </select>
  <update id="updateByExampleSelective" parameterType="map">
    update SYS_USER_ROLE
    <set>
      <if test="record.userId != null">
        USER_ID = #{record.userId,jdbcType=DECIMAL},
      </if>
      <if test="record.roleId != null">
        ROLE_ID = #{record.roleId,jdbcType=DECIMAL},
      </if>
    </set>
    <if test="_parameter != null">
      <include refid="Update_By_Example_Where_Clause" />
    </if>
  </update>
  <update id="updateByExample" parameterType="map">
    update SYS_USER_ROLE
    set USER_ID = #{record.userId,jdbcType=DECIMAL},
      ROLE_ID = #{record.roleId,jdbcType=DECIMAL}
    <if test="_parameter != null">
      <include refid="Update_By_Example_Where_Clause" />
    </if>
  </update>
</mapper>